<ArmGcc>
  <armgcc.common.outputfiles.hex>True</armgcc.common.outputfiles.hex>
  <armgcc.common.outputfiles.lss>True</armgcc.common.outputfiles.lss>
  <armgcc.common.outputfiles.eep>True</armgcc.common.outputfiles.eep>
  <armgcc.common.outputfiles.bin>True</armgcc.common.outputfiles.bin>
  <armgcc.common.outputfiles.srec>True</armgcc.common.outputfiles.srec>
  <armgcc.compiler.symbols.DefSymbols>
    <ListValues>
      <Value>DEBUG</Value>
    </ListValues>
  </armgcc.compiler.symbols.DefSymbols>
  <armgcc.compiler.directories.IncludePaths>
    <ListValues>
      <Value>%24(PackRepoDir)\arm\CMSIS\5.4.0\CMSIS\Core\Include\</Value>
      <Value>../Config</Value>
      <Value>../</Value>
      <Value>../examples</Value>
      <Value>../hal/include</Value>
      <Value>../hal/utils/include</Value>
      <Value>../hpl/core</Value>
      <Value>../hpl/gmac</Value>
      <Value>../hpl/pio</Value>
      <Value>../hpl/pmc</Value>
      <Value>../hpl/usart</Value>
      <Value>../hpl/xdmac</Value>
      <Value>../hri</Value>
      <Value>../thirdparty/RTOS</Value>
      <Value>../thirdparty/RTOS/freertos/FreeRTOSV8.2.3</Value>
      <Value>../thirdparty/RTOS/freertos/FreeRTOSV8.2.3/Source/include</Value>
      <Value>../thirdparty/RTOS/freertos/FreeRTOSV8.2.3/Source/portable/GCC/ARM_CM7</Value>
      <Value>../thirdparty/RTOS/freertos/FreeRTOSV8.2.3/module_config</Value>
      <Value>../lwip</Value>
      <Value>../lwip/lwip-2.1.2</Value>
      <Value>../lwip/lwip-2.1.2/port</Value>
      <Value>../lwip/lwip-2.1.2/port/include</Value>
      <Value>../lwip/lwip-2.1.2/src</Value>
      <Value>../lwip/lwip-2.1.2/src/apps</Value>
      <Value>../lwip/lwip-2.1.2/src/apps/http</Value>
      <Value>../lwip/lwip-2.1.2/src/core</Value>
      <Value>../lwip/lwip-2.1.2/src/core/ipv4</Value>
      <Value>../lwip/lwip-2.1.2/src/core/ipv6</Value>
      <Value>../lwip/lwip-2.1.2/src/include</Value>
      <Value>../lwip/lwip-2.1.2/src/include/compact/posix</Value>
      <Value>../lwip/lwip-2.1.2/src/include/compact/posix/arpa</Value>
      <Value>../lwip/lwip-2.1.2/src/include/compact/posix/net</Value>
      <Value>../lwip/lwip-2.1.2/src/include/compact/posix/sys</Value>
      <Value>../lwip/lwip-2.1.2/src/include/compact/stdc</Value>
      <Value>../lwip/lwip-2.1.2/src/include/lwip</Value>
      <Value>../lwip/lwip-2.1.2/src/include/lwip/apps</Value>
      <Value>../lwip/lwip-2.1.2/src/include/lwip/priv</Value>
      <Value>../lwip/lwip-2.1.2/src/include/lwip/prot</Value>
      <Value>../lwip/lwip-2.1.2/src/include/netif</Value>
      <Value>../lwip/lwip-2.1.2/src/include/netif/ppp</Value>
      <Value>../lwip/lwip-2.1.2/src/include/netif/ppp/polarssl</Value>
      <Value>../lwip/lwip-2.1.2/src/netif</Value>
      <Value>../lwip/lwip-2.1.2/src/netif/ppp</Value>
      <Value>../ethernet_phy</Value>
      <Value>../stdio_redirect</Value>
      <Value>%24(PackRepoDir)\atmel\SAME70_DFP\2.4.166\same70b\include</Value>
    </ListValues>
  </armgcc.compiler.directories.IncludePaths>
  <armgcc.compiler.optimization.level>Optimize debugging experience (-Og)</armgcc.compiler.optimization.level>
  <armgcc.compiler.optimization.PrepareFunctionsForGarbageCollection>True</armgcc.compiler.optimization.PrepareFunctionsForGarbageCollection>
  <armgcc.compiler.optimization.DebugLevel>Maximum (-g3)</armgcc.compiler.optimization.DebugLevel>
  <armgcc.compiler.warnings.AllWarnings>True</armgcc.compiler.warnings.AllWarnings>
  <armgcc.compiler.miscellaneous.OtherFlags>-std=gnu99 -mfloat-abi=softfp -mfpu=fpv4-sp-d16</armgcc.compiler.miscellaneous.OtherFlags>
  <armgcc.linker.general.UseNewlibNano>True</armgcc.linker.general.UseNewlibNano>
  <armgcc.linker.libraries.Libraries>
    <ListValues>
      <Value>libm</Value>
    </ListValues>
  </armgcc.linker.libraries.Libraries>
  <armgcc.linker.libraries.LibrarySearchPaths>
    <ListValues>
      <Value>%24(ProjectDir)\Device_Startup</Value>
    </ListValues>
  </armgcc.linker.libraries.LibrarySearchPaths>
  <armgcc.linker.optimization.GarbageCollectUnusedSections>True</armgcc.linker.optimization.GarbageCollectUnusedSections>
  <armgcc.linker.miscellaneous.LinkerFlags>-Tsame70q21b_flash.ld</armgcc.linker.miscellaneous.LinkerFlags>
  <armgcc.assembler.general.IncludePaths>
    <ListValues>
      <Value>%24(PackRepoDir)\arm\CMSIS\5.4.0\CMSIS\Core\Include\</Value>
      <Value>../Config</Value>
      <Value>../</Value>
      <Value>../examples</Value>
      <Value>../hal/include</Value>
      <Value>../hal/utils/include</Value>
      <Value>../hpl/core</Value>
      <Value>../hpl/gmac</Value>
      <Value>../hpl/pio</Value>
      <Value>../hpl/pmc</Value>
      <Value>../hpl/usart</Value>
      <Value>../hpl/xdmac</Value>
      <Value>../hri</Value>
      <Value>../thirdparty/RTOS</Value>
      <Value>../thirdparty/RTOS/freertos/FreeRTOSV8.2.3</Value>
      <Value>../thirdparty/RTOS/freertos/FreeRTOSV8.2.3/Source/include</Value>
      <Value>../thirdparty/RTOS/freertos/FreeRTOSV8.2.3/Source/portable/GCC/ARM_CM7</Value>
      <Value>../thirdparty/RTOS/freertos/FreeRTOSV8.2.3/module_config</Value>
      <Value>../lwip</Value>
      <Value>../lwip/lwip-2.1.2</Value>
      <Value>../lwip/lwip-2.1.2/port</Value>
      <Value>../lwip/lwip-2.1.2/port/include</Value>
      <Value>../lwip/lwip-2.1.2/src</Value>
      <Value>../lwip/lwip-2.1.2/src/apps</Value>
      <Value>../lwip/lwip-2.1.2/src/apps/http</Value>
      <Value>../lwip/lwip-2.1.2/src/core</Value>
      <Value>../lwip/lwip-2.1.2/src/core/ipv4</Value>
      <Value>../lwip/lwip-2.1.2/src/core/ipv6</Value>
      <Value>../lwip/lwip-2.1.2/src/include</Value>
      <Value>../lwip/lwip-2.1.2/src/include/compact/posix</Value>
      <Value>../lwip/lwip-2.1.2/src/include/compact/posix/arpa</Value>
      <Value>../lwip/lwip-2.1.2/src/include/compact/posix/net</Value>
      <Value>../lwip/lwip-2.1.2/src/include/compact/posix/sys</Value>
      <Value>../lwip/lwip-2.1.2/src/include/compact/stdc</Value>
      <Value>../lwip/lwip-2.1.2/src/include/lwip</Value>
      <Value>../lwip/lwip-2.1.2/src/include/lwip/apps</Value>
      <Value>../lwip/lwip-2.1.2/src/include/lwip/priv</Value>
      <Value>../lwip/lwip-2.1.2/src/include/lwip/prot</Value>
      <Value>../lwip/lwip-2.1.2/src/include/netif</Value>
      <Value>../lwip/lwip-2.1.2/src/include/netif/ppp</Value>
      <Value>../lwip/lwip-2.1.2/src/include/netif/ppp/polarssl</Value>
      <Value>../lwip/lwip-2.1.2/src/netif</Value>
      <Value>../lwip/lwip-2.1.2/src/netif/ppp</Value>
      <Value>../ethernet_phy</Value>
      <Value>../stdio_redirect</Value>
      <Value>%24(PackRepoDir)\atmel\SAME70_DFP\2.4.166\same70b\include</Value>
    </ListValues>
  </armgcc.assembler.general.IncludePaths>
  <armgcc.assembler.debugging.DebugLevel>Default (-g)</armgcc.assembler.debugging.DebugLevel>
  <armgcc.preprocessingassembler.general.IncludePaths>
    <ListValues>
      <Value>%24(PackRepoDir)\arm\CMSIS\5.4.0\CMSIS\Core\Include\</Value>
      <Value>../Config</Value>
      <Value>../</Value>
      <Value>../examples</Value>
      <Value>../hal/include</Value>
      <Value>../hal/utils/include</Value>
      <Value>../hpl/core</Value>
      <Value>../hpl/gmac</Value>
      <Value>../hpl/pio</Value>
      <Value>../hpl/pmc</Value>
      <Value>../hpl/usart</Value>
      <Value>../hpl/xdmac</Value>
      <Value>../hri</Value>
      <Value>../thirdparty/RTOS</Value>
      <Value>../thirdparty/RTOS/freertos/FreeRTOSV8.2.3</Value>
      <Value>../thirdparty/RTOS/freertos/FreeRTOSV8.2.3/Source/include</Value>
      <Value>../thirdparty/RTOS/freertos/FreeRTOSV8.2.3/Source/portable/GCC/ARM_CM7</Value>
      <Value>../thirdparty/RTOS/freertos/FreeRTOSV8.2.3/module_config</Value>
      <Value>../lwip</Value>
      <Value>../lwip/lwip-2.1.2</Value>
      <Value>../lwip/lwip-2.1.2/port</Value>
      <Value>../lwip/lwip-2.1.2/port/include</Value>
      <Value>../lwip/lwip-2.1.2/src</Value>
      <Value>../lwip/lwip-2.1.2/src/apps</Value>
      <Value>../lwip/lwip-2.1.2/src/apps/http</Value>
      <Value>../lwip/lwip-2.1.2/src/core</Value>
      <Value>../lwip/lwip-2.1.2/src/core/ipv4</Value>
      <Value>../lwip/lwip-2.1.2/src/core/ipv6</Value>
      <Value>../lwip/lwip-2.1.2/src/include</Value>
      <Value>../lwip/lwip-2.1.2/src/include/compact/posix</Value>
      <Value>../lwip/lwip-2.1.2/src/include/compact/posix/arpa</Value>
      <Value>../lwip/lwip-2.1.2/src/include/compact/posix/net</Value>
      <Value>../lwip/lwip-2.1.2/src/include/compact/posix/sys</Value>
      <Value>../lwip/lwip-2.1.2/src/include/compact/stdc</Value>
      <Value>../lwip/lwip-2.1.2/src/include/lwip</Value>
      <Value>../lwip/lwip-2.1.2/src/include/lwip/apps</Value>
      <Value>../lwip/lwip-2.1.2/src/include/lwip/priv</Value>
      <Value>../lwip/lwip-2.1.2/src/include/lwip/prot</Value>
      <Value>../lwip/lwip-2.1.2/src/include/netif</Value>
      <Value>../lwip/lwip-2.1.2/src/include/netif/ppp</Value>
      <Value>../lwip/lwip-2.1.2/src/include/netif/ppp/polarssl</Value>
      <Value>../lwip/lwip-2.1.2/src/netif</Value>
      <Value>../lwip/lwip-2.1.2/src/netif/ppp</Value>
      <Value>../ethernet_phy</Value>
      <Value>../stdio_redirect</Value>
      <Value>%24(PackRepoDir)\atmel\SAME70_DFP\2.4.166\same70b\include</Value>
    </ListValues>
  </armgcc.preprocessingassembler.general.IncludePaths>
  <armgcc.preprocessingassembler.debugging.DebugLevel>Default (-Wa,-g)</armgcc.preprocessingassembler.debugging.DebugLevel>
</ArmGcc>